{"Ryh6AsvNuKfVKhZhCer17Q==":"f_m_a3-121x131.png","TdxfOr9KsohGbSerww12TA==":"jumbo-1900x1267.jpg","Hyl7qBiEgj+VWm3g1Ae5pg==":"jumbo-1-1900x1267.jpg","GgcveCSMrp/yKhbJi6wtag==":"jumbo-1-1900x1267.jpeg","oP1SjtsNZAXtbjas3mEhvw==":"jumbo-2-1900x1267.jpg","8KbxnUb/3nAJ7e1NdcTL8w==":"acai-1200x800.jpg","Sh6nzmuaFp8qgr2k00jElA==":"jumbo-3-1900x1267.jpg","FlitOwvOoHvYYbIYMeagJQ==":"acai-1-1200x800.jpg","JOP8oiNKpG+zxrO2xikjzw==":"a%C3%A7a%C3%AD-700ml-3-280x424.png","wXaUv5erH+qg9rYHDvSRkQ==":"a%C3%A7a%C3%AD-1-litro-alta-280x244.png","Uj44gdrxJ+YPampMFBmVfA==":"a%C3%A7a%C3%AD-1-litro-alta-280x244.png","asr3epUZkGD4wOzl7EcyqA==":"a%C3%A7a%C3%AD-700ml-3-330x500.png","jtpF/RtC/rd0fJKgNvB8bQ==":"a%C3%A7a%C3%AD-700ml-3-330x500.png","lT/m3g2rBd6gM48gK/jQ8w==":"a%C3%A7a%C3%AD-1-litro-4-500x435.png","1PmXqwfQnemIzmjubN6h9g==":"beijaflor-608x608.jpg","B/vcWfWKsvERiyHrgt5OMw==":"formigas_crazy-608x608.jpg","vI17Qr4P8G+tdNHazSMlmg==":"p%C3%A1scoa-kit-kat-1000x1000.jpg","EOfwq8NeGprh38T9defn4Q==":"formigas-loucos-por-a%C3%A7ai-608x608.jpg","oRhmiE/hPUq8h+jp3yWHJQ==":"kit-cat-top-emojis-1000x1000.jpg","tbjKjqhpnyPCCk8Iz9210w==":"garotas-sabor-da-felicidade-608x519.jpg","BmaxKnazKIMoIXugYTr5Kw==":"promo%C3%A7%C3%A3o-1litro-800x800.jpg","AQxcImINq26/qG84ImuHYw==":"irresist%C3%ADvel-2-1000x1000.jpg","cQ4tiztCmfyEZyYCc9yO4A==":"jackpot-1000x1000.jpg","FgxINaNfiQzsJvVEOM5U3Q==":"irresist%C3%ADvel-811x811.jpg","BCGH/UzKoE8APZm+WbjcTQ==":"irresist%C3%ADvel2-811x811.jpg"}