{"Ryh6AsvNuKfVKhZhCer17Q==":"f_m_a3-121x131.png","TdxfOr9KsohGbSerww12TA==":"jumbo-1900x1267.jpg","Hyl7qBiEgj+VWm3g1Ae5pg==":"jumbo-1-1900x1267.jpg","GgcveCSMrp/yKhbJi6wtag==":"jumbo-1-1900x1267.jpeg","oP1SjtsNZAXtbjas3mEhvw==":"jumbo-2-1900x1267.jpg","8KbxnUb/3nAJ7e1NdcTL8w==":"acai-1200x800.jpg","Sh6nzmuaFp8qgr2k00jElA==":"jumbo-3-1900x1267.jpg","FlitOwvOoHvYYbIYMeagJQ==":"acai-1-1200x800.jpg","JOP8oiNKpG+zxrO2xikjzw==":"a%C3%A7a%C3%AD-700ml-3-280x424.png","wXaUv5erH+qg9rYHDvSRkQ==":"a%C3%A7a%C3%AD-1-litro-alta-280x244.png","Uj44gdrxJ+YPampMFBmVfA==":"a%C3%A7a%C3%AD-1-litro-alta-280x244.png","asr3epUZkGD4wOzl7EcyqA==":"a%C3%A7a%C3%AD-700ml-3-330x500.png","jtpF/RtC/rd0fJKgNvB8bQ==":"a%C3%A7a%C3%AD-700ml-3-330x500.png","lT/m3g2rBd6gM48gK/jQ8w==":"a%C3%A7a%C3%AD-1-litro-4-500x435.png","1PmXqwfQnemIzmjubN6h9g==":"beijaflor-608x608.jpg","B/vcWfWKsvERiyHrgt5OMw==":"formigas_crazy-608x608.jpg","vI17Qr4P8G+tdNHazSMlmg==":"p%C3%A1scoa-kit-kat-1000x1000.jpg","EOfwq8NeGprh38T9defn4Q==":"formigas-loucos-por-a%C3%A7ai-608x608.jpg","oRhmiE/hPUq8h+jp3yWHJQ==":"kit-cat-top-emojis-1000x1000.jpg","tbjKjqhpnyPCCk8Iz9210w==":"garotas-sabor-da-felicidade-608x519.jpg","BmaxKnazKIMoIXugYTr5Kw==":"promo%C3%A7%C3%A3o-1litro-800x800.jpg","AQxcImINq26/qG84ImuHYw==":"irresist%C3%ADvel-2-1000x1000.jpg","cQ4tiztCmfyEZyYCc9yO4A==":"jackpot-1000x1000.jpg","FgxINaNfiQzsJvVEOM5U3Q==":"irresist%C3%ADvel-811x811.jpg","BCGH/UzKoE8APZm+WbjcTQ==":"irresist%C3%ADvel2-811x811.jpg","wGTOjdqUb0SyGC0hDUtniA==":"jumbo_cardapio-1900x887.jpg","HlFMlEqIRnlrvCxeJpRMhA==":"tradicional-700-305x494.png","I2D768JiV+FIToQF/m/NIQ==":"tradicional-701-305x494.png","0qFaOGn58Rt5CakqdtKyxQ==":"tradicional_1_litro-560x489.png","Wc0Tn2RFzqyQy3B6+9iekQ==":"bis-338x459.png","Q8uhtuwAF7wPtLDRJn9mFQ==":"creme_de_morango-324x532.png","xABqyohYGrPUuUmuSNhHqg==":"kit_cat-406x551.png","xacPZIdyTKE4T1n6cq5esQ==":"milk_acai-289x562.png","B7on86z6hPp8VIpZntAb0A==":"nutella-347x491.png","27iqI62uoj3l8KswaPOxeQ==":"prestigio-543x542.png","iOHSJMlB5lFsd9RX1JH0kg==":"raffaello-357x524.png","TjZk2j76PpM+Oe+OO+AaVA==":"salada_de_frutas-356x491.png","HAEcLiF/2IdDF5JGCH5jxw==":"tradicional_1_litro-596x520.png","6/dskovh4Yk0+e9T0h2lag==":"tradicional-700-600x600.png","W7+WQ/wAgK7HEVTqGidGow==":"tradicional_1_litro-600x600.png","2i4agjr/1Z1edh+C+bEWOA==":"tradicional_1_litro-1-600x600.png","sda6dtnky1xRwA2nXUkKcw==":"bis-600x600.png","G/JIbNROEXJ4tAHNjJlW0w==":"creme_de_morango-600x600.png","jFR3c+JMY1GLw/ee2KxwMg==":"kit_cat-600x600.png","sFDVa9MMkUEdUr1m+shP7Q==":"milk_acai-600x600.png","/qKb8BAn3s++kYw6AyVzrg==":"nutella-600x600.png","KVCJB6FaEtWZAXdPPSrnew==":"prestigio-600x600.png","WgGMtODVjOZdFZdXD11YwQ==":"raffaello-600x600.png","VDxNAH1jFdAMWtc85f4JoA==":"salada_de_frutas-600x600.png","YzNftGv2QpBc0XCSt9oLEw==":"bg_cardapio-site-1900x1900.jpg","qrziWFQDKbrtOL12rBd1tg==":"bg_cardapio-site-1900x2842.jpg","xR+KSzPhIKfEJERHgZL2Xg==":"bg_cardapio-site-1-1900x2842.jpg","n6Z/sSb5cHSW1uUObZjP4g==":"pscoa-kit-kat-300x300.jpg","TXeYG+02nEidYG/WFtaTEA==":"formigas-crazy-300x300.jpg","Fp4IOjgIpBEbU/Hb5Kbldw==":"beijaflor-300x300.jpg","NLhy89z/LiUrZjH0+0knlg==":"formigas-loucos-por-aai-300x300.jpg","LNOStycAv+PBNyt7D9kgLA==":"garotas-sabor-da-felicidade-300x256.jpg","tHnfhLOBy+q7ISrIsPtClg==":"kit-cat-top-emojis-300x300.jpg","B8D4T1Zp/+oPvCasTUmm+g==":"irresistvel2-300x300.jpg","OOCLGBo9Y5DcAgI97GA3pQ==":"irresistvel-2-811x811.jpg","Bzpjj/OdR5CFistWTTuyVw==":"irresistvel-300x300.jpg","J2ixlGEF+e5H3WvZe8NyCQ==":"tradicional-1-litro-1-506x506.png","qv0UKtIQBTu/1vi+NFGRhg==":"tradicional-700-506x506.png","Cc+KDIqVvEXDs88f3wRk7A==":"tradicional-500-506x506.png","BkKJHhA9aqfSlinhEDIM7A==":"tradicional-300-506x506.png","g7ECtJET0Xw1intwgRVfHQ==":"jumbo-cardapio-1-1900x887.jpg","UrycAfCLbDToU7yp5oYfmA==":"jumbo_promocoes-1900x887.jpg","Y1LH0gJZ6HagMPO8Ek6QfQ==":"jumbo_promocoes_square1-800x800.jpg","Q3Iy98t36yM/pkqXwvrg8Q==":"background7-1.jpg","XQL3i8LMqiJSGLASh/wxJw==":"jumbo_promocoes_square2-800x800.jpg","wVn0TAK21Kb6EEn49vcjhg==":"jumbo_promocoes_square1-1-800x800.jpg","ksxzbzxyABb9rEeCZSClRA==":"jumbo_promocoes_square1-1-800x800.jpeg","mHORW0ykdG8H6CquiAAlBA==":"background4.jpg","oRykAiO0rUD++7AmPeEwUg==":"background1.jpg","m3lCwFYaiv7YdVfpKp52/w==":"jumbo_promocoes_square2-800x800.jpeg","GOQaFj5BfV4BcF/lpEE7GA==":"jumbo_promocoes_square2-1-800x800.jpeg","gA+zoc2JOfeOqsOhFTgOqQ==":"jumbo_promocoes_square2-1-800x800.jpg","ik5UrYGOFBfIZ7uWHwFndQ==":"jumbo_promocoes_square2-2-800x800.jpeg","orH1r0DOp4Na1cwgYTucYw==":"jumbo_promocoes_square2-800x631.jpg","UcV0nBFLEonB+0a00dyR9g==":"jumbo_promocoes_square1-800x631.jpg","154Y2k9sutmlmKa3rrDTrA==":"formigas-crazy-1-300x300.jpg","Ev+lRjAV4l1r4AGUY4AMpw==":"beijaflor-1-300x300.jpg","c3w6P6dKhJq9ihdkYJ1uzw==":"formigas-loucos-por-aai-1-300x300.jpg","CwfJHVaAPGuQhQsrBAceJg==":"pscoa-kit-kat-1-300x300.jpg","Cs2BdOhA4fqa7Vb2WKbfGQ==":"garotas-sabor-da-felicidade-1-300x256.jpg","hXN6AreoXypMR4D3BtUUmA==":"kit-cat-top-emojis-1-300x300.jpg","uFnI8C5XPEpl3CuSLUm21Q==":"irresistvel2-1-300x300.jpg","ZG/plxHzr9sjUv27SwajMA==":"irresistvel-3-811x811.jpg","B+UxVvpcxJy9MO7cfadyog==":"irresistvel-1-300x300.jpg","nymCfwcg3VEstKLjqb1C7Q==":"jumbo_promocoes_square1-1-800x631.jpg","udr7Wb1jAhvCtHEUtwQnSA==":"jumbo_promocoes_square2-1-800x631.jpg","XZHhoYBV1/LBap2ypMyIrQ==":"bg-cardapio-site-1900x2842.jpg","D+W6Ds1mEFohuztT2rolUg==":"jumbo-cardapio-1900x887.jpg","UUdUx3UTGmqBz0RzQcwLqQ==":"jumbo-1900x1267.jpg","NDIXTVdWP/EGzzjYumCpsQ==":"acai-1200x800.jpg","CduNnCOozXYIWqboJQ5A4g==":"acai-2-1200x800.jpg"}